"Nomenclature","ProductCode","PartnerISO3","PartnerName","Year","TradeFlowName","TradeFlowCode","Quantity","QuantityToken","QtyUnit","ProductDescription","NetWeight in KGM","Partner Region","Partner Income Group","CHN in 1000 USD "
"H5","01","USA","United States",2017,"Export",6,0,1,"N.Q.","Animals; live",0,"North America","High income",27138.442
"H5","02","USA","United States",2017,"Export",6,0,1,"N.Q.","Meat and edible meat offal",0,"North America","High income",4135.623
"H5","03","USA","United States",2017,"Export",6,0,1,"N.Q.","Fish and crustaceans, molluscs and ",0,"North America","High income",1714898.004
"H5","04","USA","United States",2017,"Export",6,0,1,"N.Q.","Dairy produce; birds' eggs; natural",0,"North America","High income",14861.169
"H5","05","USA","United States",2017,"Export",6,0,1,"N.Q.","Animal originated products; not els",0,"North America","High income",264762.873
"H5","06","USA","United States",2017,"Export",6,0,1,"N.Q.","Trees and other plants, live; bulbs",0,"North America","High income",43308.109
"H5","07","USA","United States",2017,"Export",6,0,1,"N.Q.","Vegetables and certain roots and tu",0,"North America","High income",777180.279
"H5","08","USA","United States",2017,"Export",6,0,1,"N.Q.","Fruit and nuts, edible; peel of cit",0,"North America","High income",142563.259
"H5","09","USA","United States",2017,"Export",6,0,1,"N.Q.","Coffee, tea, mate and spices",0,"North America","High income",226823.71
"H5","10","USA","United States",2017,"Export",6,0,1,"N.Q.","Cereals",0,"North America","High income",3236.991
"H5","11","USA","United States",2017,"Export",6,0,1,"N.Q.","Products of the milling industry; m",0,"North America","High income",9633.98
"H5","12","USA","United States",2017,"Export",6,0,1,"N.Q.","Oil seeds and oleaginous fruits; mi",0,"North America","High income",147111.681
"H5","13","USA","United States",2017,"Export",6,0,1,"N.Q.","Lac; gums, resins and other vegetab",0,"North America","High income",242620.684
"H5","14","USA","United States",2017,"Export",6,0,1,"N.Q.","Vegetable plaiting materials; veget",0,"North America","High income",10702.934
"H5","15","USA","United States",2017,"Export",6,0,1,"N.Q.","Animal or vegetable fats and oils a",0,"North America","High income",84354.876
"H5","16","USA","United States",2017,"Export",6,0,1,"N.Q.","Meat, fish or crustaceans, molluscs",0,"North America","High income",1411846.057
"H5","17","USA","United States",2017,"Export",6,0,1,"N.Q.","Sugars and sugar confectionery",0,"North America","High income",181118.198
"H5","18","USA","United States",2017,"Export",6,0,1,"N.Q.","Cocoa and cocoa preparations",0,"North America","High income",33804.093
"H5","19","USA","United States",2017,"Export",6,0,1,"N.Q.","Preparations of cereals, flour, sta",0,"North America","High income",183979.733
"H5","20","USA","United States",2017,"Export",6,0,1,"N.Q.","Preparations of vegetables, fruit, ",0,"North America","High income",1094180.319
"H5","21","USA","United States",2017,"Export",6,0,1,"N.Q.","Miscellaneous edible preparations",0,"North America","High income",427518.45
"H5","22","USA","United States",2017,"Export",6,0,1,"N.Q.","Beverages, spirits and vinegar",0,"North America","High income",62903.996
"H5","23","USA","United States",2017,"Export",6,0,1,"N.Q.","Food industries, residues and waste",0,"North America","High income",434458.479
"H5","24","USA","United States",2017,"Export",6,0,1,"N.Q.","Tobacco and manufactured tobacco su",0,"North America","High income",13278.513
"H5","25","USA","United States",2017,"Export",6,0,1,"N.Q.","Salt; sulphur; earths, stone; plast",0,"North America","High income",347399.47
"H5","26","USA","United States",2017,"Export",6,0,1,"N.Q.","Ores, slag and ash",0,"North America","High income",16038.02
"H5","27","USA","United States",2017,"Export",6,0,1,"N.Q.","Mineral fuels, mineral oils and pro",0,"North America","High income",1259077.937
"H5","28","USA","United States",2017,"Export",6,0,1,"N.Q.","Inorganic chemicals; organic and in",0,"North America","High income",1239399.506
"H5","29","USA","United States",2017,"Export",6,0,1,"N.Q.","Organic chemicals",0,"North America","High income",7483190.691
"H5","30","USA","United States",2017,"Export",6,0,1,"N.Q.","Pharmaceutical products",0,"North America","High income",1258533.517
"H5","31","USA","United States",2017,"Export",6,0,1,"N.Q.","Fertilizers",0,"North America","High income",105744.579
"H5","32","USA","United States",2017,"Export",6,0,1,"N.Q.","Tanning or dyeing extracts; tannins",0,"North America","High income",545753.062
"H5","33","USA","United States",2017,"Export",6,0,1,"N.Q.","Essential oils and resinoids; perfu",0,"North America","High income",1278860.547
"H5","34","USA","United States",2017,"Export",6,0,1,"N.Q.","Soap, organic surface-active agents",0,"North America","High income",349384.049
"H5","35","USA","United States",2017,"Export",6,0,1,"N.Q.","Albuminoidal substances; modified s",0,"North America","High income",291820.008
"H5","36","USA","United States",2017,"Export",6,0,1,"N.Q.","Explosives; pyrotechnic products; m",0,"North America","High income",281047.594
"H5","37","USA","United States",2017,"Export",6,0,1,"N.Q.","Photographic or cinematographic goo",0,"North America","High income",31268.757
"H5","38","USA","United States",2017,"Export",6,0,1,"N.Q.","Chemical products n.e.c.",0,"North America","High income",1122086.813
"H5","39","USA","United States",2017,"Export",6,0,1,"N.Q.","Plastics and articles thereof",0,"North America","High income",15370728.936
"H5","40","USA","United States",2017,"Export",6,0,1,"N.Q.","Rubber and articles thereof",0,"North America","High income",3231084.763
"H5","41","USA","United States",2017,"Export",6,0,1,"N.Q.","Raw hides and skins (other than fur",0,"North America","High income",25471.1
"H5","42","USA","United States",2017,"Export",6,0,1,"N.Q.","Articles of leather; saddlery and h",0,"North America","High income",6759963.74
"H5","43","USA","United States",2017,"Export",6,0,1,"N.Q.","Furskins and artificial fur; manufa",0,"North America","High income",48482.65
"H5","44","USA","United States",2017,"Export",6,0,1,"N.Q.","Wood and articles of wood; wood cha",0,"North America","High income",3653419.241
"H5","45","USA","United States",2017,"Export",6,0,1,"N.Q.","Cork and articles of cork",0,"North America","High income",6383.375
"H5","46","USA","United States",2017,"Export",6,0,1,"N.Q.","Manufactures of straw, esparto or o",0,"North America","High income",331940.368
"H5","47","USA","United States",2017,"Export",6,0,1,"N.Q.","Pulp of wood or other fibrous cellu",0,"North America","High income",7150.943
"H5","48","USA","United States",2017,"Export",6,0,1,"N.Q.","Paper and paperboard; articles of p",0,"North America","High income",2881993.898
"H5","49","USA","United States",2017,"Export",6,0,1,"N.Q.","Printed books, newspapers, pictures",0,"North America","High income",1260009.175
"H5","50","USA","United States",2017,"Export",6,0,1,"N.Q.","Silk",0,"North America","High income",27220.559
"H5","51","USA","United States",2017,"Export",6,0,1,"N.Q.","Wool, fine or coarse animal hair; h",0,"North America","High income",40676.431
"H5","52","USA","United States",2017,"Export",6,0,1,"N.Q.","Cotton",0,"North America","High income",277726.216
"H5","53","USA","United States",2017,"Export",6,0,1,"N.Q.","Vegetable textile fibres; paper yar",0,"North America","High income",29307.127
"H5","54","USA","United States",2017,"Export",6,0,1,"N.Q.","Man-made filaments; strip and the l",0,"North America","High income",659902.586
"H5","55","USA","United States",2017,"Export",6,0,1,"N.Q.","Man-made staple fibres",0,"North America","High income",458747.439
"H5","56","USA","United States",2017,"Export",6,0,1,"N.Q.","Wadding, felt and nonwovens, specia",0,"North America","High income",678462.746
"H5","57","USA","United States",2017,"Export",6,0,1,"N.Q.","Carpets and other textile floor cov",0,"North America","High income",593205.228
"H5","58","USA","United States",2017,"Export",6,0,1,"N.Q.","Fabrics; special woven fabrics, tuf",0,"North America","High income",367958.786
"H5","59","USA","United States",2017,"Export",6,0,1,"N.Q.","Textile fabrics; impregnated, coate",0,"North America","High income",632960.929
"H5","60","USA","United States",2017,"Export",6,0,1,"N.Q.","Fabrics; knitted or crocheted",0,"North America","High income",636368.008
"H5","61","USA","United States",2017,"Export",6,0,1,"N.Q.","Apparel and clothing accessories; k",0,"North America","High income",16008452.305
"H5","62","USA","United States",2017,"Export",6,0,1,"N.Q.","Apparel and clothing accessories; n",0,"North America","High income",14070154.667
"H5","63","USA","United States",2017,"Export",6,0,1,"N.Q.","Textiles, made up articles; sets; w",0,"North America","High income",8004694.89
"H5","64","USA","United States",2017,"Export",6,0,1,"N.Q.","Footwear; gaiters and the like; par",0,"North America","High income",11996447.974
"H5","65","USA","United States",2017,"Export",6,0,1,"N.Q.","Headgear and parts thereof",0,"North America","High income",1208444.87
"H5","66","USA","United States",2017,"Export",6,0,1,"N.Q.","Umbrellas, sun umbrellas, walking-s",0,"North America","High income",499598.791
"H5","67","USA","United States",2017,"Export",6,0,1,"N.Q.","Feathers and down, prepared; and ar",0,"North America","High income",2280615.108
"H5","68","USA","United States",2017,"Export",6,0,1,"N.Q.","Stone, plaster, cement, asbestos, m",0,"North America","High income",1860127.41
"H5","69","USA","United States",2017,"Export",6,0,1,"N.Q.","Ceramic products",0,"North America","High income",2782521.774
"H5","70","USA","United States",2017,"Export",6,0,1,"N.Q.","Glass and glassware",0,"North America","High income",2712467.371
"H5","71","USA","United States",2017,"Export",6,0,1,"N.Q.","Natural, cultured pearls; precious,",0,"North America","High income",3589091.486
"H5","72","USA","United States",2017,"Export",6,0,1,"N.Q.","Iron and steel",0,"North America","High income",598709.288
"H5","73","USA","United States",2017,"Export",6,0,1,"N.Q.","Iron or steel articles",0,"North America","High income",10218080.551
"H5","74","USA","United States",2017,"Export",6,0,1,"N.Q.","Copper and articles thereof",0,"North America","High income",441106.617
"H5","75","USA","United States",2017,"Export",6,0,1,"N.Q.","Nickel and articles thereof",0,"North America","High income",25514.478
"H5","76","USA","United States",2017,"Export",6,0,1,"N.Q.","Aluminium and articles thereof",0,"North America","High income",3748190.356
"H5","78","USA","United States",2017,"Export",6,0,1,"N.Q.","Lead and articles thereof",0,"North America","High income",1281.516
"H5","79","USA","United States",2017,"Export",6,0,1,"N.Q.","Zinc and articles thereof",0,"North America","High income",37494.04
"H5","80","USA","United States",2017,"Export",6,0,1,"N.Q.","Tin; articles thereof",0,"North America","High income",1073.836
"H5","81","USA","United States",2017,"Export",6,0,1,"N.Q.","Metals; n.e.c., cermets and article",0,"North America","High income",409721.166
"H5","82","USA","United States",2017,"Export",6,0,1,"N.Q.","Tools, implements, cutlery, spoons ",0,"North America","High income",3554098.862
"H5","83","USA","United States",2017,"Export",6,0,1,"N.Q.","Metal; miscellaneous products of ba",0,"North America","High income",3507899.357
"H5","84","USA","United States",2017,"Export",6,0,1,"N.Q.","Nuclear reactors, boilers, machiner",0,"North America","High income",91726698.585
"H5","85","USA","United States",2017,"Export",6,0,1,"N.Q.","Electrical machinery and equipment ",,"North America","High income",106971557.524
"H5","86","USA","United States",2017,"Export",6,0,1,"N.Q.","Railway, tramway locomotives, rolli",0,"North America","High income",3185704.896
"H5","87","USA","United States",2017,"Export",6,0,1,"N.Q.","Vehicles; other than railway or tra",0,"North America","High income",15134190.102
"H5","88","USA","United States",2017,"Export",6,0,1,"N.Q.","Aircraft, spacecraft and parts ther",0,"North America","High income",1258913.218
"H5","89","USA","United States",2017,"Export",6,0,1,"N.Q.","Ships, boats and floating structure",0,"North America","High income",120102.374
"H5","90","USA","United States",2017,"Export",6,0,1,"N.Q.","Optical, photographic, cinematograp",,"North America","High income",9703686.466
"H5","91","USA","United States",2017,"Export",6,0,1,"N.Q.","Clocks and watches and parts thereo",0,"North America","High income",488885.177
"H5","92","USA","United States",2017,"Export",6,0,1,"N.Q.","Musical instruments; parts and acce",0,"North America","High income",479152.391
"H5","93","USA","United States",2017,"Export",6,0,1,"N.Q.","Arms and ammunition; parts and acce",0,"North America","High income",82021.114
"H5","94","USA","United States",2017,"Export",6,0,1,"N.Q.","Furniture; bedding, mattresses, mat",0,"North America","High income",29253950.65
"H5","95","USA","United States",2017,"Export",6,0,1,"N.Q.","Toys, games and sports requisites; ",0,"North America","High income",18617373.545
"H5","96","USA","United States",2017,"Export",6,0,1,"N.Q.","Miscellaneous manufactured articles",0,"North America","High income",3239211.817
"H5","97","USA","United States",2017,"Export",6,0,1,"N.Q.","Works of art; collectors' pieces an",,"North America","High income",39664.878
"H5","99","USA","United States",2017,"Export",6,0,1,"N.Q.","Commodities not specified according",0,"North America","High income",1326057.828
